{
    "mae": 0.923723497668902,
    "rmse": 1.371537611464352,
    "r2": 0.9995338918201729
}